Timestamp (s),Motor ID,CAN ID,Target RPM,Raw Frame (Hex)
0.106,0xD1,0x18530905,0,AA E8 05 09 53 18 D1 00 00 00 00 00 00 00 55
0.106,0xD2,0x18530905,0,AA E8 05 09 53 18 D2 00 00 00 00 00 00 00 55
0.106,0xD3,0x18530905,0,AA E8 05 09 53 18 D3 00 00 00 00 00 00 00 55
0.106,0xD4,0x18530905,0,AA E8 05 09 53 18 D4 00 00 00 00 00 00 00 55
0.302,0xD1,0x18530905,0,AA E8 05 09 53 18 D1 00 00 00 00 00 00 00 55
0.302,0xD2,0x18530905,0,AA E8 05 09 53 18 D2 00 00 00 00 00 00 00 55
0.302,0xD3,0x18530905,0,AA E8 05 09 53 18 D3 00 00 00 00 00 00 00 55
0.302,0xD4,0x18530905,0,AA E8 05 09 53 18 D4 00 00 00 00 00 00 00 55
0.470,0xD1,0x18530905,0,AA E8 05 09 53 18 D1 00 00 00 00 00 00 00 55
0.470,0xD2,0x18530905,0,AA E8 05 09 53 18 D2 00 00 00 00 00 00 00 55
0.470,0xD3,0x18530905,0,AA E8 05 09 53 18 D3 00 00 00 00 00 00 00 55
0.470,0xD4,0x18530905,0,AA E8 05 09 53 18 D4 00 00 00 00 00 00 00 55
0.658,0xD1,0x18530905,0,AA E8 05 09 53 18 D1 00 00 00 00 00 00 00 55
0.658,0xD2,0x18530905,0,AA E8 05 09 53 18 D2 00 00 00 00 00 00 00 55
0.658,0xD3,0x18530905,0,AA E8 05 09 53 18 D3 00 00 00 00 00 00 00 55
0.658,0xD4,0x18530905,0,AA E8 05 09 53 18 D4 00 00 00 00 00 00 00 55
0.850,0xD1,0x18530905,0,AA E8 05 09 53 18 D1 00 00 00 00 00 00 00 55
0.850,0xD2,0x18530905,0,AA E8 05 09 53 18 D2 00 00 00 00 00 00 00 55
0.850,0xD3,0x18530905,0,AA E8 05 09 53 18 D3 00 00 00 00 00 00 00 55
0.850,0xD4,0x18530905,0,AA E8 05 09 53 18 D4 00 00 00 00 00 00 00 55
1.063,0xD1,0x18530905,0,AA E8 05 09 53 18 D1 00 00 00 00 00 00 00 55
1.063,0xD2,0x18530905,0,AA E8 05 09 53 18 D2 00 00 00 00 00 00 00 55
1.063,0xD3,0x18530905,0,AA E8 05 09 53 18 D3 00 00 00 00 00 00 00 55
1.063,0xD4,0x18530905,0,AA E8 05 09 53 18 D4 00 00 00 00 00 00 00 55
1.250,0xD1,0x18530905,0,AA E8 05 09 53 18 D1 00 00 00 00 00 00 00 55
1.250,0xD2,0x18530905,0,AA E8 05 09 53 18 D2 00 00 00 00 00 00 00 55
1.250,0xD3,0x18530905,0,AA E8 05 09 53 18 D3 00 00 00 00 00 00 00 55
1.250,0xD4,0x18530905,0,AA E8 05 09 53 18 D4 00 00 00 00 00 00 00 55
1.447,0xD1,0x18530905,0,AA E8 05 09 53 18 D1 00 00 00 00 00 00 00 55
1.447,0xD2,0x18530905,0,AA E8 05 09 53 18 D2 00 00 00 00 00 00 00 55
1.447,0xD3,0x18530905,0,AA E8 05 09 53 18 D3 00 00 00 00 00 00 00 55
1.447,0xD4,0x18530905,0,AA E8 05 09 53 18 D4 00 00 00 00 00 00 00 55
1.636,0xD1,0x18530905,0,AA E8 05 09 53 18 D1 00 00 00 00 00 00 00 55
1.636,0xD2,0x18530905,0,AA E8 05 09 53 18 D2 00 00 00 00 00 00 00 55
1.636,0xD3,0x18530905,0,AA E8 05 09 53 18 D3 00 00 00 00 00 00 00 55
1.636,0xD4,0x18530905,0,AA E8 05 09 53 18 D4 00 00 00 00 00 00 00 55
1.823,0xD1,0x18530905,0,AA E8 05 09 53 18 D1 00 00 00 00 00 00 00 55
1.823,0xD2,0x18530905,0,AA E8 05 09 53 18 D2 00 00 00 00 00 00 00 55
1.823,0xD3,0x18530905,0,AA E8 05 09 53 18 D3 00 00 00 00 00 00 00 55
1.823,0xD4,0x18530905,0,AA E8 05 09 53 18 D4 00 00 00 00 00 00 00 55
2.011,0xD1,0x18530905,0,AA E8 05 09 53 18 D1 00 00 00 00 00 00 00 55
2.011,0xD2,0x18530905,0,AA E8 05 09 53 18 D2 00 00 00 00 00 00 00 55
2.011,0xD3,0x18530905,0,AA E8 05 09 53 18 D3 00 00 00 00 00 00 00 55
2.011,0xD4,0x18530905,0,AA E8 05 09 53 18 D4 00 00 00 00 00 00 00 55
2.200,0xD1,0x18530905,0,AA E8 05 09 53 18 D1 00 00 00 00 00 00 00 55
2.200,0xD2,0x18530905,0,AA E8 05 09 53 18 D2 00 00 00 00 00 00 00 55
2.200,0xD3,0x18530905,0,AA E8 05 09 53 18 D3 00 00 00 00 00 00 00 55
2.200,0xD4,0x18530905,0,AA E8 05 09 53 18 D4 00 00 00 00 00 00 00 55
2.388,0xD1,0x18530905,0,AA E8 05 09 53 18 D1 00 00 00 00 00 00 00 55
2.388,0xD2,0x18530905,0,AA E8 05 09 53 18 D2 00 00 00 00 00 00 00 55
2.388,0xD3,0x18530905,0,AA E8 05 09 53 18 D3 00 00 00 00 00 00 00 55
2.388,0xD4,0x18530905,0,AA E8 05 09 53 18 D4 00 00 00 00 00 00 00 55
2.576,0xD1,0x18530905,0,AA E8 05 09 53 18 D1 00 00 00 00 00 00 00 55
2.576,0xD2,0x18530905,0,AA E8 05 09 53 18 D2 00 00 00 00 00 00 00 55
2.576,0xD3,0x18530905,0,AA E8 05 09 53 18 D3 00 00 00 00 00 00 00 55
2.576,0xD4,0x18530905,0,AA E8 05 09 53 18 D4 00 00 00 00 00 00 00 55
2.764,0xD1,0x18530905,0,AA E8 05 09 53 18 D1 00 00 00 00 00 00 00 55
2.764,0xD2,0x18530905,0,AA E8 05 09 53 18 D2 00 00 00 00 00 00 00 55
2.764,0xD3,0x18530905,0,AA E8 05 09 53 18 D3 00 00 00 00 00 00 00 55
2.764,0xD4,0x18530905,0,AA E8 05 09 53 18 D4 00 00 00 00 00 00 00 55
2.952,0xD1,0x18530905,0,AA E8 05 09 53 18 D1 00 00 00 00 00 00 00 55
2.952,0xD2,0x18530905,0,AA E8 05 09 53 18 D2 00 00 00 00 00 00 00 55
2.952,0xD3,0x18530905,0,AA E8 05 09 53 18 D3 00 00 00 00 00 00 00 55
2.952,0xD4,0x18530905,0,AA E8 05 09 53 18 D4 00 00 00 00 00 00 00 55
3.139,0xD1,0x18530905,0,AA E8 05 09 53 18 D1 00 00 00 00 00 00 00 55
3.139,0xD2,0x18530905,0,AA E8 05 09 53 18 D2 00 00 00 00 00 00 00 55
3.139,0xD3,0x18530905,0,AA E8 05 09 53 18 D3 00 00 00 00 00 00 00 55
3.139,0xD4,0x18530905,0,AA E8 05 09 53 18 D4 00 00 00 00 00 00 00 55
3.310,0xD1,0x18530905,0,AA E8 05 09 53 18 D1 00 00 00 00 00 00 00 55
3.310,0xD2,0x18530905,0,AA E8 05 09 53 18 D2 00 00 00 00 00 00 00 55
3.310,0xD3,0x18530905,0,AA E8 05 09 53 18 D3 00 00 00 00 00 00 00 55
3.310,0xD4,0x18530905,0,AA E8 05 09 53 18 D4 00 00 00 00 00 00 00 55
3.503,0xD1,0x18530905,0,AA E8 05 09 53 18 D1 00 00 00 00 00 00 00 55
3.503,0xD2,0x18530905,0,AA E8 05 09 53 18 D2 00 00 00 00 00 00 00 55
3.503,0xD3,0x18530905,0,AA E8 05 09 53 18 D3 00 00 00 00 00 00 00 55
3.503,0xD4,0x18530905,0,AA E8 05 09 53 18 D4 00 00 00 00 00 00 00 55
3.693,0xD1,0x18530905,0,AA E8 05 09 53 18 D1 00 00 00 00 00 00 00 55
3.693,0xD2,0x18530905,0,AA E8 05 09 53 18 D2 00 00 00 00 00 00 00 55
3.693,0xD3,0x18530905,0,AA E8 05 09 53 18 D3 00 00 00 00 00 00 00 55
3.693,0xD4,0x18530905,0,AA E8 05 09 53 18 D4 00 00 00 00 00 00 00 55
3.881,0xD1,0x18530905,0,AA E8 05 09 53 18 D1 00 00 00 00 00 00 00 55
3.881,0xD2,0x18530905,0,AA E8 05 09 53 18 D2 00 00 00 00 00 00 00 55
3.881,0xD3,0x18530905,0,AA E8 05 09 53 18 D3 00 00 00 00 00 00 00 55
3.881,0xD4,0x18530905,0,AA E8 05 09 53 18 D4 00 00 00 00 00 00 00 55
4.064,0xD1,0x18530905,0,AA E8 05 09 53 18 D1 00 00 00 00 00 00 00 55
4.064,0xD2,0x18530905,0,AA E8 05 09 53 18 D2 00 00 00 00 00 00 00 55
4.064,0xD3,0x18530905,0,AA E8 05 09 53 18 D3 00 00 00 00 00 00 00 55
4.064,0xD4,0x18530905,0,AA E8 05 09 53 18 D4 00 00 00 00 00 00 00 55
4.261,0xD1,0x18530905,0,AA E8 05 09 53 18 D1 00 00 00 00 00 00 00 55
4.261,0xD2,0x18530905,0,AA E8 05 09 53 18 D2 00 00 00 00 00 00 00 55
4.261,0xD3,0x18530905,0,AA E8 05 09 53 18 D3 00 00 00 00 00 00 00 55
4.261,0xD4,0x18530905,0,AA E8 05 09 53 18 D4 00 00 00 00 00 00 00 55
4.453,0xD1,0x18530905,0,AA E8 05 09 53 18 D1 00 00 00 00 00 00 00 55
4.453,0xD2,0x18530905,0,AA E8 05 09 53 18 D2 00 00 00 00 00 00 00 55
4.453,0xD3,0x18530905,0,AA E8 05 09 53 18 D3 00 00 00 00 00 00 00 55
4.453,0xD4,0x18530905,0,AA E8 05 09 53 18 D4 00 00 00 00 00 00 00 55
4.622,0xD1,0x18530905,0,AA E8 05 09 53 18 D1 00 00 00 00 00 00 00 55
4.622,0xD2,0x18530905,0,AA E8 05 09 53 18 D2 00 00 00 00 00 00 00 55
4.622,0xD3,0x18530905,0,AA E8 05 09 53 18 D3 00 00 00 00 00 00 00 55
4.622,0xD4,0x18530905,0,AA E8 05 09 53 18 D4 00 00 00 00 00 00 00 55
4.816,0xD1,0x18530905,0,AA E8 05 09 53 18 D1 00 00 00 00 00 00 00 55
4.816,0xD2,0x18530905,0,AA E8 05 09 53 18 D2 00 00 00 00 00 00 00 55
4.816,0xD3,0x18530905,0,AA E8 05 09 53 18 D3 00 00 00 00 00 00 00 55
4.816,0xD4,0x18530905,0,AA E8 05 09 53 18 D4 00 00 00 00 00 00 00 55
4.998,0xD1,0x18530905,0,AA E8 05 09 53 18 D1 00 00 00 00 00 00 00 55
4.998,0xD2,0x18530905,0,AA E8 05 09 53 18 D2 00 00 00 00 00 00 00 55
4.998,0xD3,0x18530905,0,AA E8 05 09 53 18 D3 00 00 00 00 00 00 00 55
4.998,0xD4,0x18530905,0,AA E8 05 09 53 18 D4 00 00 00 00 00 00 00 55
5.190,0xD1,0x18530905,0,AA E8 05 09 53 18 D1 00 00 00 00 00 00 00 55
5.190,0xD2,0x18530905,0,AA E8 05 09 53 18 D2 00 00 00 00 00 00 00 55
5.190,0xD3,0x18530905,0,AA E8 05 09 53 18 D3 00 00 00 00 00 00 00 55
5.190,0xD4,0x18530905,0,AA E8 05 09 53 18 D4 00 00 00 00 00 00 00 55
5.390,0xD1,0x18530905,0,AA E8 05 09 53 18 D1 00 00 00 00 00 00 00 55
5.390,0xD2,0x18530905,0,AA E8 05 09 53 18 D2 00 00 00 00 00 00 00 55
5.390,0xD3,0x18530905,0,AA E8 05 09 53 18 D3 00 00 00 00 00 00 00 55
5.390,0xD4,0x18530905,0,AA E8 05 09 53 18 D4 00 00 00 00 00 00 00 55
5.556,0xD1,0x18530905,0,AA E8 05 09 53 18 D1 00 00 00 00 00 00 00 55
5.556,0xD2,0x18530905,0,AA E8 05 09 53 18 D2 00 00 00 00 00 00 00 55
5.556,0xD3,0x18530905,0,AA E8 05 09 53 18 D3 00 00 00 00 00 00 00 55
5.556,0xD4,0x18530905,0,AA E8 05 09 53 18 D4 00 00 00 00 00 00 00 55
5.745,0xD1,0x18530905,0,AA E8 05 09 53 18 D1 00 00 00 00 00 00 00 55
5.745,0xD2,0x18530905,0,AA E8 05 09 53 18 D2 00 00 00 00 00 00 00 55
5.745,0xD3,0x18530905,0,AA E8 05 09 53 18 D3 00 00 00 00 00 00 00 55
5.745,0xD4,0x18530905,0,AA E8 05 09 53 18 D4 00 00 00 00 00 00 00 55
5.917,0xD1,0x18530905,0,AA E8 05 09 53 18 D1 00 00 00 00 00 00 00 55
5.917,0xD2,0x18530905,0,AA E8 05 09 53 18 D2 00 00 00 00 00 00 00 55
5.917,0xD3,0x18530905,0,AA E8 05 09 53 18 D3 00 00 00 00 00 00 00 55
5.917,0xD4,0x18530905,0,AA E8 05 09 53 18 D4 00 00 00 00 00 00 00 55
6.088,0xD1,0x18530905,0,AA E8 05 09 53 18 D1 00 00 00 00 00 00 00 55
6.088,0xD2,0x18530905,0,AA E8 05 09 53 18 D2 00 00 00 00 00 00 00 55
6.088,0xD3,0x18530905,0,AA E8 05 09 53 18 D3 00 00 00 00 00 00 00 55
6.088,0xD4,0x18530905,0,AA E8 05 09 53 18 D4 00 00 00 00 00 00 00 55
6.253,0xD1,0x18530905,0,AA E8 05 09 53 18 D1 00 00 00 00 00 00 00 55
6.253,0xD2,0x18530905,0,AA E8 05 09 53 18 D2 00 00 00 00 00 00 00 55
6.253,0xD3,0x18530905,0,AA E8 05 09 53 18 D3 00 00 00 00 00 00 00 55
6.253,0xD4,0x18530905,0,AA E8 05 09 53 18 D4 00 00 00 00 00 00 00 55
6.421,0xD1,0x18530905,0,AA E8 05 09 53 18 D1 00 00 00 00 00 00 00 55
6.421,0xD2,0x18530905,0,AA E8 05 09 53 18 D2 00 00 00 00 00 00 00 55
6.421,0xD3,0x18530905,0,AA E8 05 09 53 18 D3 00 00 00 00 00 00 00 55
6.421,0xD4,0x18530905,0,AA E8 05 09 53 18 D4 00 00 00 00 00 00 00 55
6.608,0xD1,0x18530905,0,AA E8 05 09 53 18 D1 00 00 00 00 00 00 00 55
6.608,0xD2,0x18530905,0,AA E8 05 09 53 18 D2 00 00 00 00 00 00 00 55
6.608,0xD3,0x18530905,0,AA E8 05 09 53 18 D3 00 00 00 00 00 00 00 55
6.608,0xD4,0x18530905,0,AA E8 05 09 53 18 D4 00 00 00 00 00 00 00 55
6.806,0xD1,0x18530905,0,AA E8 05 09 53 18 D1 00 00 00 00 00 00 00 55
6.806,0xD2,0x18530905,0,AA E8 05 09 53 18 D2 00 00 00 00 00 00 00 55
6.806,0xD3,0x18530905,0,AA E8 05 09 53 18 D3 00 00 00 00 00 00 00 55
6.806,0xD4,0x18530905,0,AA E8 05 09 53 18 D4 00 00 00 00 00 00 00 55
7.006,0xD1,0x18530905,0,AA E8 05 09 53 18 D1 00 00 00 00 00 00 00 55
7.006,0xD2,0x18530905,0,AA E8 05 09 53 18 D2 00 00 00 00 00 00 00 55
7.006,0xD3,0x18530905,0,AA E8 05 09 53 18 D3 00 00 00 00 00 00 00 55
7.006,0xD4,0x18530905,0,AA E8 05 09 53 18 D4 00 00 00 00 00 00 00 55
7.189,0xD1,0x18530905,0,AA E8 05 09 53 18 D1 00 00 00 00 00 00 00 55
7.189,0xD2,0x18530905,0,AA E8 05 09 53 18 D2 00 00 00 00 00 00 00 55
7.189,0xD3,0x18530905,0,AA E8 05 09 53 18 D3 00 00 00 00 00 00 00 55
7.189,0xD4,0x18530905,0,AA E8 05 09 53 18 D4 00 00 00 00 00 00 00 55
7.356,0xD1,0x18530905,0,AA E8 05 09 53 18 D1 00 00 00 00 00 00 00 55
7.356,0xD2,0x18530905,0,AA E8 05 09 53 18 D2 00 00 00 00 00 00 00 55
7.356,0xD3,0x18530905,0,AA E8 05 09 53 18 D3 00 00 00 00 00 00 00 55
7.356,0xD4,0x18530905,0,AA E8 05 09 53 18 D4 00 00 00 00 00 00 00 55
7.554,0xD1,0x18530905,0,AA E8 05 09 53 18 D1 00 00 00 00 00 00 00 55
7.554,0xD2,0x18530905,0,AA E8 05 09 53 18 D2 00 00 00 00 00 00 00 55
7.554,0xD3,0x18530905,0,AA E8 05 09 53 18 D3 00 00 00 00 00 00 00 55
7.554,0xD4,0x18530905,0,AA E8 05 09 53 18 D4 00 00 00 00 00 00 00 55
7.737,0xD1,0x18530905,0,AA E8 05 09 53 18 D1 00 00 00 00 00 00 00 55
7.737,0xD2,0x18530905,0,AA E8 05 09 53 18 D2 00 00 00 00 00 00 00 55
7.737,0xD3,0x18530905,0,AA E8 05 09 53 18 D3 00 00 00 00 00 00 00 55
7.737,0xD4,0x18530905,0,AA E8 05 09 53 18 D4 00 00 00 00 00 00 00 55
7.920,0xD1,0x18530905,0,AA E8 05 09 53 18 D1 00 00 00 00 00 00 00 55
7.920,0xD2,0x18530905,0,AA E8 05 09 53 18 D2 00 00 00 00 00 00 00 55
7.920,0xD3,0x18530905,0,AA E8 05 09 53 18 D3 00 00 00 00 00 00 00 55
7.920,0xD4,0x18530905,0,AA E8 05 09 53 18 D4 00 00 00 00 00 00 00 55
8.106,0xD1,0x18530905,0,AA E8 05 09 53 18 D1 00 00 00 00 00 00 00 55
8.106,0xD2,0x18530905,0,AA E8 05 09 53 18 D2 00 00 00 00 00 00 00 55
8.106,0xD3,0x18530905,0,AA E8 05 09 53 18 D3 00 00 00 00 00 00 00 55
8.106,0xD4,0x18530905,0,AA E8 05 09 53 18 D4 00 00 00 00 00 00 00 55
8.314,0xD1,0x18530905,0,AA E8 05 09 53 18 D1 00 00 00 00 00 00 00 55
8.314,0xD2,0x18530905,0,AA E8 05 09 53 18 D2 00 00 00 00 00 00 00 55
8.314,0xD3,0x18530905,0,AA E8 05 09 53 18 D3 00 00 00 00 00 00 00 55
8.314,0xD4,0x18530905,0,AA E8 05 09 53 18 D4 00 00 00 00 00 00 00 55
8.501,0xD1,0x18530905,0,AA E8 05 09 53 18 D1 00 00 00 00 00 00 00 55
8.501,0xD2,0x18530905,0,AA E8 05 09 53 18 D2 00 00 00 00 00 00 00 55
8.501,0xD3,0x18530905,0,AA E8 05 09 53 18 D3 00 00 00 00 00 00 00 55
8.501,0xD4,0x18530905,0,AA E8 05 09 53 18 D4 00 00 00 00 00 00 00 55
8.689,0xD1,0x18530905,0,AA E8 05 09 53 18 D1 00 00 00 00 00 00 00 55
8.689,0xD2,0x18530905,0,AA E8 05 09 53 18 D2 00 00 00 00 00 00 00 55
8.689,0xD3,0x18530905,0,AA E8 05 09 53 18 D3 00 00 00 00 00 00 00 55
8.689,0xD4,0x18530905,0,AA E8 05 09 53 18 D4 00 00 00 00 00 00 00 55
8.879,0xD1,0x18530905,0,AA E8 05 09 53 18 D1 00 00 00 00 00 00 00 55
8.879,0xD2,0x18530905,0,AA E8 05 09 53 18 D2 00 00 00 00 00 00 00 55
8.879,0xD3,0x18530905,0,AA E8 05 09 53 18 D3 00 00 00 00 00 00 00 55
8.879,0xD4,0x18530905,0,AA E8 05 09 53 18 D4 00 00 00 00 00 00 00 55
9.067,0xD1,0x18530905,0,AA E8 05 09 53 18 D1 00 00 00 00 00 00 00 55
9.067,0xD2,0x18530905,0,AA E8 05 09 53 18 D2 00 00 00 00 00 00 00 55
9.067,0xD3,0x18530905,0,AA E8 05 09 53 18 D3 00 00 00 00 00 00 00 55
9.067,0xD4,0x18530905,0,AA E8 05 09 53 18 D4 00 00 00 00 00 00 00 55
9.256,0xD1,0x18530905,0,AA E8 05 09 53 18 D1 00 00 00 00 00 00 00 55
9.256,0xD2,0x18530905,0,AA E8 05 09 53 18 D2 00 00 00 00 00 00 00 55
9.256,0xD3,0x18530905,0,AA E8 05 09 53 18 D3 00 00 00 00 00 00 00 55
9.256,0xD4,0x18530905,0,AA E8 05 09 53 18 D4 00 00 00 00 00 00 00 55
9.444,0xD1,0x18530905,0,AA E8 05 09 53 18 D1 00 00 00 00 00 00 00 55
9.444,0xD2,0x18530905,0,AA E8 05 09 53 18 D2 00 00 00 00 00 00 00 55
9.444,0xD3,0x18530905,0,AA E8 05 09 53 18 D3 00 00 00 00 00 00 00 55
9.444,0xD4,0x18530905,0,AA E8 05 09 53 18 D4 00 00 00 00 00 00 00 55
9.644,0xD1,0x18530905,0,AA E8 05 09 53 18 D1 00 00 00 00 00 00 00 55
9.644,0xD2,0x18530905,0,AA E8 05 09 53 18 D2 00 00 00 00 00 00 00 55
9.644,0xD3,0x18530905,0,AA E8 05 09 53 18 D3 00 00 00 00 00 00 00 55
9.644,0xD4,0x18530905,0,AA E8 05 09 53 18 D4 00 00 00 00 00 00 00 55
9.813,0xD1,0x18530905,0,AA E8 05 09 53 18 D1 00 00 00 00 00 00 00 55
9.813,0xD2,0x18530905,0,AA E8 05 09 53 18 D2 00 00 00 00 00 00 00 55
9.813,0xD3,0x18530905,0,AA E8 05 09 53 18 D3 00 00 00 00 00 00 00 55
9.813,0xD4,0x18530905,0,AA E8 05 09 53 18 D4 00 00 00 00 00 00 00 55
10.003,0xD1,0x18530905,0,AA E8 05 09 53 18 D1 00 00 00 00 00 00 00 55
10.003,0xD2,0x18530905,0,AA E8 05 09 53 18 D2 00 00 00 00 00 00 00 55
10.003,0xD3,0x18530905,0,AA E8 05 09 53 18 D3 00 00 00 00 00 00 00 55
10.003,0xD4,0x18530905,0,AA E8 05 09 53 18 D4 00 00 00 00 00 00 00 55
10.192,0xD1,0x18530905,0,AA E8 05 09 53 18 D1 00 00 00 00 00 00 00 55
10.192,0xD2,0x18530905,0,AA E8 05 09 53 18 D2 00 00 00 00 00 00 00 55
10.192,0xD3,0x18530905,0,AA E8 05 09 53 18 D3 00 00 00 00 00 00 00 55
10.192,0xD4,0x18530905,0,AA E8 05 09 53 18 D4 00 00 00 00 00 00 00 55
10.385,0xD1,0x18530905,0,AA E8 05 09 53 18 D1 00 00 00 00 00 00 00 55
10.385,0xD2,0x18530905,0,AA E8 05 09 53 18 D2 00 00 00 00 00 00 00 55
10.385,0xD3,0x18530905,0,AA E8 05 09 53 18 D3 00 00 00 00 00 00 00 55
10.385,0xD4,0x18530905,0,AA E8 05 09 53 18 D4 00 00 00 00 00 00 00 55
10.572,0xD1,0x18530905,0,AA E8 05 09 53 18 D1 00 00 00 00 00 00 00 55
10.572,0xD2,0x18530905,0,AA E8 05 09 53 18 D2 00 00 00 00 00 00 00 55
10.572,0xD3,0x18530905,0,AA E8 05 09 53 18 D3 00 00 00 00 00 00 00 55
10.572,0xD4,0x18530905,0,AA E8 05 09 53 18 D4 00 00 00 00 00 00 00 55
10.760,0xD1,0x18530905,0,AA E8 05 09 53 18 D1 00 00 00 00 00 00 00 55
10.760,0xD2,0x18530905,0,AA E8 05 09 53 18 D2 00 00 00 00 00 00 00 55
10.760,0xD3,0x18530905,0,AA E8 05 09 53 18 D3 00 00 00 00 00 00 00 55
10.760,0xD4,0x18530905,0,AA E8 05 09 53 18 D4 00 00 00 00 00 00 00 55
10.950,0xD1,0x18530905,100,AA E8 05 09 53 18 D1 64 00 00 00 00 00 00 55
10.950,0xD2,0x18530905,100,AA E8 05 09 53 18 D2 64 00 00 00 00 00 00 55
10.950,0xD3,0x18530905,100,AA E8 05 09 53 18 D3 64 00 00 00 00 00 00 55
10.950,0xD4,0x18530905,100,AA E8 05 09 53 18 D4 64 00 00 00 00 00 00 55
11.138,0xD1,0x18530905,100,AA E8 05 09 53 18 D1 64 00 00 00 00 00 00 55
11.138,0xD2,0x18530905,100,AA E8 05 09 53 18 D2 64 00 00 00 00 00 00 55
11.138,0xD3,0x18530905,100,AA E8 05 09 53 18 D3 64 00 00 00 00 00 00 55
11.138,0xD4,0x18530905,100,AA E8 05 09 53 18 D4 64 00 00 00 00 00 00 55
11.326,0xD1,0x18530905,100,AA E8 05 09 53 18 D1 64 00 00 00 00 00 00 55
11.326,0xD2,0x18530905,100,AA E8 05 09 53 18 D2 64 00 00 00 00 00 00 55
11.326,0xD3,0x18530905,100,AA E8 05 09 53 18 D3 64 00 00 00 00 00 00 55
11.326,0xD4,0x18530905,100,AA E8 05 09 53 18 D4 64 00 00 00 00 00 00 55
11.514,0xD1,0x18530905,100,AA E8 05 09 53 18 D1 64 00 00 00 00 00 00 55
11.514,0xD2,0x18530905,100,AA E8 05 09 53 18 D2 64 00 00 00 00 00 00 55
11.514,0xD3,0x18530905,100,AA E8 05 09 53 18 D3 64 00 00 00 00 00 00 55
11.514,0xD4,0x18530905,100,AA E8 05 09 53 18 D4 64 00 00 00 00 00 00 55
11.702,0xD1,0x18530905,100,AA E8 05 09 53 18 D1 64 00 00 00 00 00 00 55
11.702,0xD2,0x18530905,100,AA E8 05 09 53 18 D2 64 00 00 00 00 00 00 55
11.702,0xD3,0x18530905,100,AA E8 05 09 53 18 D3 64 00 00 00 00 00 00 55
11.702,0xD4,0x18530905,100,AA E8 05 09 53 18 D4 64 00 00 00 00 00 00 55
11.890,0xD1,0x18530905,100,AA E8 05 09 53 18 D1 64 00 00 00 00 00 00 55
11.890,0xD2,0x18530905,100,AA E8 05 09 53 18 D2 64 00 00 00 00 00 00 55
11.890,0xD3,0x18530905,100,AA E8 05 09 53 18 D3 64 00 00 00 00 00 00 55
11.890,0xD4,0x18530905,100,AA E8 05 09 53 18 D4 64 00 00 00 00 00 00 55
12.078,0xD1,0x18530905,100,AA E8 05 09 53 18 D1 64 00 00 00 00 00 00 55
12.078,0xD2,0x18530905,100,AA E8 05 09 53 18 D2 64 00 00 00 00 00 00 55
12.078,0xD3,0x18530905,100,AA E8 05 09 53 18 D3 64 00 00 00 00 00 00 55
12.078,0xD4,0x18530905,100,AA E8 05 09 53 18 D4 64 00 00 00 00 00 00 55
12.256,0xD1,0x18530905,100,AA E8 05 09 53 18 D1 64 00 00 00 00 00 00 55
12.256,0xD2,0x18530905,100,AA E8 05 09 53 18 D2 64 00 00 00 00 00 00 55
12.256,0xD3,0x18530905,100,AA E8 05 09 53 18 D3 64 00 00 00 00 00 00 55
12.256,0xD4,0x18530905,100,AA E8 05 09 53 18 D4 64 00 00 00 00 00 00 55
12.439,0xD1,0x18530905,100,AA E8 05 09 53 18 D1 64 00 00 00 00 00 00 55
12.439,0xD2,0x18530905,100,AA E8 05 09 53 18 D2 64 00 00 00 00 00 00 55
12.439,0xD3,0x18530905,100,AA E8 05 09 53 18 D3 64 00 00 00 00 00 00 55
12.439,0xD4,0x18530905,100,AA E8 05 09 53 18 D4 64 00 00 00 00 00 00 55
12.627,0xD1,0x18530905,100,AA E8 05 09 53 18 D1 64 00 00 00 00 00 00 55
12.627,0xD2,0x18530905,100,AA E8 05 09 53 18 D2 64 00 00 00 00 00 00 55
12.627,0xD3,0x18530905,100,AA E8 05 09 53 18 D3 64 00 00 00 00 00 00 55
12.627,0xD4,0x18530905,100,AA E8 05 09 53 18 D4 64 00 00 00 00 00 00 55
12.814,0xD1,0x18530905,100,AA E8 05 09 53 18 D1 64 00 00 00 00 00 00 55
12.814,0xD2,0x18530905,100,AA E8 05 09 53 18 D2 64 00 00 00 00 00 00 55
12.814,0xD3,0x18530905,100,AA E8 05 09 53 18 D3 64 00 00 00 00 00 00 55
12.814,0xD4,0x18530905,100,AA E8 05 09 53 18 D4 64 00 00 00 00 00 00 55
13.003,0xD1,0x18530905,100,AA E8 05 09 53 18 D1 64 00 00 00 00 00 00 55
13.003,0xD2,0x18530905,100,AA E8 05 09 53 18 D2 64 00 00 00 00 00 00 55
13.003,0xD3,0x18530905,100,AA E8 05 09 53 18 D3 64 00 00 00 00 00 00 55
13.003,0xD4,0x18530905,100,AA E8 05 09 53 18 D4 64 00 00 00 00 00 00 55
13.191,0xD1,0x18530905,100,AA E8 05 09 53 18 D1 64 00 00 00 00 00 00 55
13.191,0xD2,0x18530905,100,AA E8 05 09 53 18 D2 64 00 00 00 00 00 00 55
13.191,0xD3,0x18530905,100,AA E8 05 09 53 18 D3 64 00 00 00 00 00 00 55
13.191,0xD4,0x18530905,100,AA E8 05 09 53 18 D4 64 00 00 00 00 00 00 55
13.378,0xD1,0x18530905,100,AA E8 05 09 53 18 D1 64 00 00 00 00 00 00 55
13.378,0xD2,0x18530905,100,AA E8 05 09 53 18 D2 64 00 00 00 00 00 00 55
13.378,0xD3,0x18530905,100,AA E8 05 09 53 18 D3 64 00 00 00 00 00 00 55
13.378,0xD4,0x18530905,100,AA E8 05 09 53 18 D4 64 00 00 00 00 00 00 55
13.569,0xD1,0x18530905,100,AA E8 05 09 53 18 D1 64 00 00 00 00 00 00 55
13.569,0xD2,0x18530905,100,AA E8 05 09 53 18 D2 64 00 00 00 00 00 00 55
13.569,0xD3,0x18530905,100,AA E8 05 09 53 18 D3 64 00 00 00 00 00 00 55
13.569,0xD4,0x18530905,100,AA E8 05 09 53 18 D4 64 00 00 00 00 00 00 55
13.756,0xD1,0x18530905,-100,AA E8 05 09 53 18 D1 9C FF 00 00 00 00 00 55
13.756,0xD2,0x18530905,-100,AA E8 05 09 53 18 D2 9C FF 00 00 00 00 00 55
13.756,0xD3,0x18530905,-100,AA E8 05 09 53 18 D3 9C FF 00 00 00 00 00 55
13.756,0xD4,0x18530905,-100,AA E8 05 09 53 18 D4 9C FF 00 00 00 00 00 55
13.927,0xD1,0x18530905,-100,AA E8 05 09 53 18 D1 9C FF 00 00 00 00 00 55
13.927,0xD2,0x18530905,-100,AA E8 05 09 53 18 D2 9C FF 00 00 00 00 00 55
13.927,0xD3,0x18530905,-100,AA E8 05 09 53 18 D3 9C FF 00 00 00 00 00 55
13.927,0xD4,0x18530905,-100,AA E8 05 09 53 18 D4 9C FF 00 00 00 00 00 55
14.117,0xD1,0x18530905,-100,AA E8 05 09 53 18 D1 9C FF 00 00 00 00 00 55
14.117,0xD2,0x18530905,-100,AA E8 05 09 53 18 D2 9C FF 00 00 00 00 00 55
14.117,0xD3,0x18530905,-100,AA E8 05 09 53 18 D3 9C FF 00 00 00 00 00 55
14.117,0xD4,0x18530905,-100,AA E8 05 09 53 18 D4 9C FF 00 00 00 00 00 55
14.304,0xD1,0x18530905,-100,AA E8 05 09 53 18 D1 9C FF 00 00 00 00 00 55
14.304,0xD2,0x18530905,-100,AA E8 05 09 53 18 D2 9C FF 00 00 00 00 00 55
14.304,0xD3,0x18530905,-100,AA E8 05 09 53 18 D3 9C FF 00 00 00 00 00 55
14.304,0xD4,0x18530905,-100,AA E8 05 09 53 18 D4 9C FF 00 00 00 00 00 55
14.492,0xD1,0x18530905,-100,AA E8 05 09 53 18 D1 9C FF 00 00 00 00 00 55
14.492,0xD2,0x18530905,-100,AA E8 05 09 53 18 D2 9C FF 00 00 00 00 00 55
14.492,0xD3,0x18530905,-100,AA E8 05 09 53 18 D3 9C FF 00 00 00 00 00 55
14.492,0xD4,0x18530905,-100,AA E8 05 09 53 18 D4 9C FF 00 00 00 00 00 55
14.682,0xD1,0x18530905,-100,AA E8 05 09 53 18 D1 9C FF 00 00 00 00 00 55
14.682,0xD2,0x18530905,-100,AA E8 05 09 53 18 D2 9C FF 00 00 00 00 00 55
14.682,0xD3,0x18530905,-100,AA E8 05 09 53 18 D3 9C FF 00 00 00 00 00 55
14.682,0xD4,0x18530905,-100,AA E8 05 09 53 18 D4 9C FF 00 00 00 00 00 55
14.870,0xD1,0x18530905,-100,AA E8 05 09 53 18 D1 9C FF 00 00 00 00 00 55
14.870,0xD2,0x18530905,-100,AA E8 05 09 53 18 D2 9C FF 00 00 00 00 00 55
14.870,0xD3,0x18530905,-100,AA E8 05 09 53 18 D3 9C FF 00 00 00 00 00 55
14.870,0xD4,0x18530905,-100,AA E8 05 09 53 18 D4 9C FF 00 00 00 00 00 55
15.073,0xD1,0x18530905,-100,AA E8 05 09 53 18 D1 9C FF 00 00 00 00 00 55
15.073,0xD2,0x18530905,-100,AA E8 05 09 53 18 D2 9C FF 00 00 00 00 00 55
15.073,0xD3,0x18530905,-100,AA E8 05 09 53 18 D3 9C FF 00 00 00 00 00 55
15.073,0xD4,0x18530905,-100,AA E8 05 09 53 18 D4 9C FF 00 00 00 00 00 55
15.262,0xD1,0x18530905,-100,AA E8 05 09 53 18 D1 9C FF 00 00 00 00 00 55
15.262,0xD2,0x18530905,-100,AA E8 05 09 53 18 D2 9C FF 00 00 00 00 00 55
15.262,0xD3,0x18530905,-100,AA E8 05 09 53 18 D3 9C FF 00 00 00 00 00 55
15.262,0xD4,0x18530905,-100,AA E8 05 09 53 18 D4 9C FF 00 00 00 00 00 55
15.451,0xD1,0x18530905,-100,AA E8 05 09 53 18 D1 9C FF 00 00 00 00 00 55
15.451,0xD2,0x18530905,-100,AA E8 05 09 53 18 D2 9C FF 00 00 00 00 00 55
15.451,0xD3,0x18530905,-100,AA E8 05 09 53 18 D3 9C FF 00 00 00 00 00 55
15.451,0xD4,0x18530905,-100,AA E8 05 09 53 18 D4 9C FF 00 00 00 00 00 55
15.638,0xD1,0x18530905,-100,AA E8 05 09 53 18 D1 9C FF 00 00 00 00 00 55
15.638,0xD2,0x18530905,-100,AA E8 05 09 53 18 D2 9C FF 00 00 00 00 00 55
15.638,0xD3,0x18530905,-100,AA E8 05 09 53 18 D3 9C FF 00 00 00 00 00 55
15.638,0xD4,0x18530905,-100,AA E8 05 09 53 18 D4 9C FF 00 00 00 00 00 55
15.826,0xD1,0x18530905,-100,AA E8 05 09 53 18 D1 9C FF 00 00 00 00 00 55
15.826,0xD2,0x18530905,-100,AA E8 05 09 53 18 D2 9C FF 00 00 00 00 00 55
15.826,0xD3,0x18530905,-100,AA E8 05 09 53 18 D3 9C FF 00 00 00 00 00 55
15.826,0xD4,0x18530905,-100,AA E8 05 09 53 18 D4 9C FF 00 00 00 00 00 55
16.013,0xD1,0x18530905,-100,AA E8 05 09 53 18 D1 9C FF 00 00 00 00 00 55
16.013,0xD2,0x18530905,-100,AA E8 05 09 53 18 D2 9C FF 00 00 00 00 00 55
16.013,0xD3,0x18530905,-100,AA E8 05 09 53 18 D3 9C FF 00 00 00 00 00 55
16.013,0xD4,0x18530905,-100,AA E8 05 09 53 18 D4 9C FF 00 00 00 00 00 55
16.202,0xD1,0x18530905,-100,AA E8 05 09 53 18 D1 9C FF 00 00 00 00 00 55
16.202,0xD2,0x18530905,-100,AA E8 05 09 53 18 D2 9C FF 00 00 00 00 00 55
16.202,0xD3,0x18530905,-100,AA E8 05 09 53 18 D3 9C FF 00 00 00 00 00 55
16.202,0xD4,0x18530905,-100,AA E8 05 09 53 18 D4 9C FF 00 00 00 00 00 55
16.394,0xD1,0x18530905,-100,AA E8 05 09 53 18 D1 9C FF 00 00 00 00 00 55
16.394,0xD2,0x18530905,-100,AA E8 05 09 53 18 D2 9C FF 00 00 00 00 00 55
16.394,0xD3,0x18530905,-100,AA E8 05 09 53 18 D3 9C FF 00 00 00 00 00 55
16.394,0xD4,0x18530905,-100,AA E8 05 09 53 18 D4 9C FF 00 00 00 00 00 55
16.582,0xD1,0x18530905,-100,AA E8 05 09 53 18 D1 9C FF 00 00 00 00 00 55
16.582,0xD2,0x18530905,-100,AA E8 05 09 53 18 D2 9C FF 00 00 00 00 00 55
16.582,0xD3,0x18530905,-100,AA E8 05 09 53 18 D3 9C FF 00 00 00 00 00 55
16.582,0xD4,0x18530905,-100,AA E8 05 09 53 18 D4 9C FF 00 00 00 00 00 55
16.772,0xD1,0x18530905,71,AA E8 05 09 53 18 D1 47 00 00 00 00 00 00 55
16.772,0xD2,0x18530905,71,AA E8 05 09 53 18 D2 47 00 00 00 00 00 00 55
16.772,0xD3,0x18530905,100,AA E8 05 09 53 18 D3 64 00 00 00 00 00 00 55
16.772,0xD4,0x18530905,100,AA E8 05 09 53 18 D4 64 00 00 00 00 00 00 55
16.964,0xD1,0x18530905,71,AA E8 05 09 53 18 D1 47 00 00 00 00 00 00 55
16.964,0xD2,0x18530905,71,AA E8 05 09 53 18 D2 47 00 00 00 00 00 00 55
16.964,0xD3,0x18530905,100,AA E8 05 09 53 18 D3 64 00 00 00 00 00 00 55
16.964,0xD4,0x18530905,100,AA E8 05 09 53 18 D4 64 00 00 00 00 00 00 55
17.140,0xD1,0x18530905,71,AA E8 05 09 53 18 D1 47 00 00 00 00 00 00 55
17.140,0xD2,0x18530905,71,AA E8 05 09 53 18 D2 47 00 00 00 00 00 00 55
17.140,0xD3,0x18530905,100,AA E8 05 09 53 18 D3 64 00 00 00 00 00 00 55
17.140,0xD4,0x18530905,100,AA E8 05 09 53 18 D4 64 00 00 00 00 00 00 55
17.339,0xD1,0x18530905,71,AA E8 05 09 53 18 D1 47 00 00 00 00 00 00 55
17.339,0xD2,0x18530905,71,AA E8 05 09 53 18 D2 47 00 00 00 00 00 00 55
17.339,0xD3,0x18530905,100,AA E8 05 09 53 18 D3 64 00 00 00 00 00 00 55
17.339,0xD4,0x18530905,100,AA E8 05 09 53 18 D4 64 00 00 00 00 00 00 55
17.541,0xD1,0x18530905,71,AA E8 05 09 53 18 D1 47 00 00 00 00 00 00 55
17.541,0xD2,0x18530905,71,AA E8 05 09 53 18 D2 47 00 00 00 00 00 00 55
17.541,0xD3,0x18530905,100,AA E8 05 09 53 18 D3 64 00 00 00 00 00 00 55
17.541,0xD4,0x18530905,100,AA E8 05 09 53 18 D4 64 00 00 00 00 00 00 55
17.722,0xD1,0x18530905,71,AA E8 05 09 53 18 D1 47 00 00 00 00 00 00 55
17.722,0xD2,0x18530905,71,AA E8 05 09 53 18 D2 47 00 00 00 00 00 00 55
17.722,0xD3,0x18530905,100,AA E8 05 09 53 18 D3 64 00 00 00 00 00 00 55
17.722,0xD4,0x18530905,100,AA E8 05 09 53 18 D4 64 00 00 00 00 00 00 55
17.914,0xD1,0x18530905,71,AA E8 05 09 53 18 D1 47 00 00 00 00 00 00 55
17.914,0xD2,0x18530905,71,AA E8 05 09 53 18 D2 47 00 00 00 00 00 00 55
17.914,0xD3,0x18530905,100,AA E8 05 09 53 18 D3 64 00 00 00 00 00 00 55
17.914,0xD4,0x18530905,100,AA E8 05 09 53 18 D4 64 00 00 00 00 00 00 55
18.082,0xD1,0x18530905,71,AA E8 05 09 53 18 D1 47 00 00 00 00 00 00 55
18.082,0xD2,0x18530905,71,AA E8 05 09 53 18 D2 47 00 00 00 00 00 00 55
18.082,0xD3,0x18530905,100,AA E8 05 09 53 18 D3 64 00 00 00 00 00 00 55
18.082,0xD4,0x18530905,100,AA E8 05 09 53 18 D4 64 00 00 00 00 00 00 55
18.272,0xD1,0x18530905,71,AA E8 05 09 53 18 D1 47 00 00 00 00 00 00 55
18.272,0xD2,0x18530905,71,AA E8 05 09 53 18 D2 47 00 00 00 00 00 00 55
18.272,0xD3,0x18530905,100,AA E8 05 09 53 18 D3 64 00 00 00 00 00 00 55
18.272,0xD4,0x18530905,100,AA E8 05 09 53 18 D4 64 00 00 00 00 00 00 55
18.440,0xD1,0x18530905,71,AA E8 05 09 53 18 D1 47 00 00 00 00 00 00 55
18.440,0xD2,0x18530905,71,AA E8 05 09 53 18 D2 47 00 00 00 00 00 00 55
18.440,0xD3,0x18530905,100,AA E8 05 09 53 18 D3 64 00 00 00 00 00 00 55
18.440,0xD4,0x18530905,100,AA E8 05 09 53 18 D4 64 00 00 00 00 00 00 55
18.612,0xD1,0x18530905,71,AA E8 05 09 53 18 D1 47 00 00 00 00 00 00 55
18.612,0xD2,0x18530905,71,AA E8 05 09 53 18 D2 47 00 00 00 00 00 00 55
18.612,0xD3,0x18530905,100,AA E8 05 09 53 18 D3 64 00 00 00 00 00 00 55
18.612,0xD4,0x18530905,100,AA E8 05 09 53 18 D4 64 00 00 00 00 00 00 55
18.781,0xD1,0x18530905,71,AA E8 05 09 53 18 D1 47 00 00 00 00 00 00 55
18.781,0xD2,0x18530905,71,AA E8 05 09 53 18 D2 47 00 00 00 00 00 00 55
18.781,0xD3,0x18530905,100,AA E8 05 09 53 18 D3 64 00 00 00 00 00 00 55
18.781,0xD4,0x18530905,100,AA E8 05 09 53 18 D4 64 00 00 00 00 00 00 55
18.986,0xD1,0x18530905,71,AA E8 05 09 53 18 D1 47 00 00 00 00 00 00 55
18.986,0xD2,0x18530905,71,AA E8 05 09 53 18 D2 47 00 00 00 00 00 00 55
18.986,0xD3,0x18530905,100,AA E8 05 09 53 18 D3 64 00 00 00 00 00 00 55
18.986,0xD4,0x18530905,100,AA E8 05 09 53 18 D4 64 00 00 00 00 00 00 55
19.156,0xD1,0x18530905,71,AA E8 05 09 53 18 D1 47 00 00 00 00 00 00 55
19.156,0xD2,0x18530905,71,AA E8 05 09 53 18 D2 47 00 00 00 00 00 00 55
19.156,0xD3,0x18530905,100,AA E8 05 09 53 18 D3 64 00 00 00 00 00 00 55
19.156,0xD4,0x18530905,100,AA E8 05 09 53 18 D4 64 00 00 00 00 00 00 55
19.323,0xD1,0x18530905,71,AA E8 05 09 53 18 D1 47 00 00 00 00 00 00 55
19.323,0xD2,0x18530905,71,AA E8 05 09 53 18 D2 47 00 00 00 00 00 00 55
19.323,0xD3,0x18530905,100,AA E8 05 09 53 18 D3 64 00 00 00 00 00 00 55
19.323,0xD4,0x18530905,100,AA E8 05 09 53 18 D4 64 00 00 00 00 00 00 55
19.490,0xD1,0x18530905,71,AA E8 05 09 53 18 D1 47 00 00 00 00 00 00 55
19.490,0xD2,0x18530905,71,AA E8 05 09 53 18 D2 47 00 00 00 00 00 00 55
19.490,0xD3,0x18530905,100,AA E8 05 09 53 18 D3 64 00 00 00 00 00 00 55
19.490,0xD4,0x18530905,100,AA E8 05 09 53 18 D4 64 00 00 00 00 00 00 55
19.700,0xD1,0x18530905,71,AA E8 05 09 53 18 D1 47 00 00 00 00 00 00 55
19.700,0xD2,0x18530905,71,AA E8 05 09 53 18 D2 47 00 00 00 00 00 00 55
19.700,0xD3,0x18530905,100,AA E8 05 09 53 18 D3 64 00 00 00 00 00 00 55
19.700,0xD4,0x18530905,100,AA E8 05 09 53 18 D4 64 00 00 00 00 00 00 55
19.906,0xD1,0x18530905,71,AA E8 05 09 53 18 D1 47 00 00 00 00 00 00 55
19.906,0xD2,0x18530905,71,AA E8 05 09 53 18 D2 47 00 00 00 00 00 00 55
19.906,0xD3,0x18530905,100,AA E8 05 09 53 18 D3 64 00 00 00 00 00 00 55
19.906,0xD4,0x18530905,100,AA E8 05 09 53 18 D4 64 00 00 00 00 00 00 55
20.107,0xD1,0x18530905,71,AA E8 05 09 53 18 D1 47 00 00 00 00 00 00 55
20.107,0xD2,0x18530905,71,AA E8 05 09 53 18 D2 47 00 00 00 00 00 00 55
20.107,0xD3,0x18530905,100,AA E8 05 09 53 18 D3 64 00 00 00 00 00 00 55
20.107,0xD4,0x18530905,100,AA E8 05 09 53 18 D4 64 00 00 00 00 00 00 55
20.299,0xD1,0x18530905,71,AA E8 05 09 53 18 D1 47 00 00 00 00 00 00 55
20.299,0xD2,0x18530905,71,AA E8 05 09 53 18 D2 47 00 00 00 00 00 00 55
20.299,0xD3,0x18530905,100,AA E8 05 09 53 18 D3 64 00 00 00 00 00 00 55
20.299,0xD4,0x18530905,100,AA E8 05 09 53 18 D4 64 00 00 00 00 00 00 55
20.523,0xD1,0x18530905,71,AA E8 05 09 53 18 D1 47 00 00 00 00 00 00 55
20.523,0xD2,0x18530905,71,AA E8 05 09 53 18 D2 47 00 00 00 00 00 00 55
20.523,0xD3,0x18530905,100,AA E8 05 09 53 18 D3 64 00 00 00 00 00 00 55
20.523,0xD4,0x18530905,100,AA E8 05 09 53 18 D4 64 00 00 00 00 00 00 55
20.700,0xD1,0x18530905,71,AA E8 05 09 53 18 D1 47 00 00 00 00 00 00 55
20.700,0xD2,0x18530905,71,AA E8 05 09 53 18 D2 47 00 00 00 00 00 00 55
20.700,0xD3,0x18530905,100,AA E8 05 09 53 18 D3 64 00 00 00 00 00 00 55
20.700,0xD4,0x18530905,100,AA E8 05 09 53 18 D4 64 00 00 00 00 00 00 55
20.873,0xD1,0x18530905,71,AA E8 05 09 53 18 D1 47 00 00 00 00 00 00 55
20.873,0xD2,0x18530905,71,AA E8 05 09 53 18 D2 47 00 00 00 00 00 00 55
20.873,0xD3,0x18530905,100,AA E8 05 09 53 18 D3 64 00 00 00 00 00 00 55
20.873,0xD4,0x18530905,100,AA E8 05 09 53 18 D4 64 00 00 00 00 00 00 55
21.057,0xD1,0x18530905,71,AA E8 05 09 53 18 D1 47 00 00 00 00 00 00 55
21.057,0xD2,0x18530905,71,AA E8 05 09 53 18 D2 47 00 00 00 00 00 00 55
21.057,0xD3,0x18530905,100,AA E8 05 09 53 18 D3 64 00 00 00 00 00 00 55
21.057,0xD4,0x18530905,100,AA E8 05 09 53 18 D4 64 00 00 00 00 00 00 55
21.240,0xD1,0x18530905,71,AA E8 05 09 53 18 D1 47 00 00 00 00 00 00 55
21.240,0xD2,0x18530905,71,AA E8 05 09 53 18 D2 47 00 00 00 00 00 00 55
21.240,0xD3,0x18530905,100,AA E8 05 09 53 18 D3 64 00 00 00 00 00 00 55
21.240,0xD4,0x18530905,100,AA E8 05 09 53 18 D4 64 00 00 00 00 00 00 55
21.439,0xD1,0x18530905,71,AA E8 05 09 53 18 D1 47 00 00 00 00 00 00 55
21.439,0xD2,0x18530905,71,AA E8 05 09 53 18 D2 47 00 00 00 00 00 00 55
21.439,0xD3,0x18530905,100,AA E8 05 09 53 18 D3 64 00 00 00 00 00 00 55
21.439,0xD4,0x18530905,100,AA E8 05 09 53 18 D4 64 00 00 00 00 00 00 55
21.640,0xD1,0x18530905,71,AA E8 05 09 53 18 D1 47 00 00 00 00 00 00 55
21.640,0xD2,0x18530905,71,AA E8 05 09 53 18 D2 47 00 00 00 00 00 00 55
21.640,0xD3,0x18530905,100,AA E8 05 09 53 18 D3 64 00 00 00 00 00 00 55
21.640,0xD4,0x18530905,100,AA E8 05 09 53 18 D4 64 00 00 00 00 00 00 55
21.806,0xD1,0x18530905,71,AA E8 05 09 53 18 D1 47 00 00 00 00 00 00 55